{"cameraMode":{"drawMode":0,"name":"Shaded","section":"Shading Mode"},"sceneLighting":true,"audioPlay":false,"sceneViewState":{"m_AlwaysRefresh":false,"showFog":true,"showSkybox":true,"showFlares":true,"showImageEffects":true,"showParticleSystems":true,"showVisualEffectGraphs":true,"m_FxEnabled":true},"in2DMode":false,"pivot":{"x":38.71326446533203,"y":366.51031494140627,"z":2.3335604667663576},"rotation":{"x":0.034802332520484927,"y":-0.005998971406370401,"z":0.000218600791413337,"w":0.9993937611579895},"size":316.5579528808594,"orthographic":false}