{"cameraMode":{"drawMode":0,"name":"Shaded","section":"Shading Mode"},"sceneLighting":true,"audioPlay":false,"sceneViewState":{"m_AlwaysRefresh":false,"showFog":true,"showSkybox":true,"showFlares":true,"showImageEffects":true,"showParticleSystems":true,"showVisualEffectGraphs":true,"m_FxEnabled":true},"in2DMode":false,"pivot":{"x":11.350902557373047,"y":5.752860069274902,"z":35.80839538574219},"rotation":{"x":-0.1378546953201294,"y":0.015446411445736885,"z":-0.0021513488609343769,"w":-0.9903454780578613},"size":28.833070755004884,"orthographic":false}